id,user_id,role
1,1,admin
2,2,admin
3,3,user
4,4,user
5,5,editor
6,6,user
7,7,editor
8,8,editor
9,9,user
10,10,admin
11,11,user
12,12,admin
13,13,admin
14,14,user
15,15,admin
16,16,editor
17,17,editor
18,18,editor
19,19,user
20,20,admin
21,21,admin
22,22,admin
23,23,user
24,24,user
25,25,editor
26,26,admin
27,27,user
28,28,user
29,29,user
30,30,editor
31,31,admin
32,32,user
33,33,admin
34,34,admin
35,35,user
36,36,admin
37,37,user
38,38,editor
39,39,editor
40,40,editor
41,41,admin
42,42,user
43,43,admin
44,44,user
45,45,editor
46,46,user
47,47,admin
48,48,admin
49,49,editor
50,50,admin
51,51,user
52,52,editor
53,53,user
54,54,admin
55,55,admin
56,56,user
57,57,editor
58,58,editor
59,59,editor
60,60,editor
61,61,admin
62,62,editor
63,63,editor
64,64,editor
65,65,admin
66,66,editor
67,67,admin
68,68,admin
69,69,user
70,70,admin
71,71,editor
72,72,editor
73,73,editor
74,74,editor
75,75,editor
76,76,user
77,77,editor
78,78,editor
79,79,user
80,80,user
81,81,user
82,82,editor
83,83,user
84,84,user
85,85,admin
86,86,admin
87,87,editor
88,88,user
89,89,admin
90,90,admin
91,91,editor
92,92,user
93,93,admin
94,94,admin
95,95,user
96,96,user
97,97,admin
98,98,admin
99,99,user
100,100,admin
101,101,admin
102,102,admin
103,103,admin
104,104,editor
105,105,admin
106,106,admin
107,107,admin
108,108,user
109,109,admin
110,110,editor
111,111,editor
112,112,admin
113,113,user
114,114,editor
115,115,editor
116,116,editor
117,117,editor
118,118,user
119,119,user
120,120,user
121,121,admin
122,122,user
123,123,user
124,124,editor
125,125,user
126,126,user
127,127,user
128,128,admin
129,129,editor
130,130,user
131,131,admin
132,132,user
133,133,editor
134,134,editor
135,135,editor
136,136,editor
137,137,admin
138,138,user
139,139,admin
140,140,editor
141,141,user
142,142,user
143,143,user
144,144,editor
145,145,editor
146,146,user
147,147,editor
148,148,admin
149,149,editor
150,150,user
151,151,editor
152,152,user
153,153,admin
154,154,editor
155,155,editor
156,156,user
157,157,user
158,158,user
159,159,admin
160,160,admin
161,161,admin
162,162,admin
163,163,editor
164,164,admin
165,165,admin
166,166,user
167,167,editor
168,168,editor
169,169,admin
170,170,editor
171,171,admin
172,172,admin
173,173,admin
174,174,user
175,175,admin
176,176,admin
177,177,user
178,178,user
179,179,admin
180,180,user
181,181,user
182,182,user
183,183,editor
184,184,admin
185,185,user
186,186,user
187,187,editor
188,188,user
189,189,editor
190,190,user
191,191,user
192,192,editor
193,193,user
194,194,admin
195,195,editor
196,196,admin
197,197,admin
198,198,user
199,199,user
200,200,admin
