id,login,passwd,name
1,user1,pass1,User 1
2,user2,pass2,User 2
3,user3,pass3,User 3
4,user4,pass4,User 4
5,user5,pass5,User 5
6,user6,pass6,User 6
7,user7,pass7,User 7
8,user8,pass8,User 8
9,user9,pass9,User 9
10,user10,pass10,User 10
11,user11,pass11,User 11
12,user12,pass12,User 12
13,user13,pass13,User 13
14,user14,pass14,User 14
15,user15,pass15,User 15
16,user16,pass16,User 16
17,user17,pass17,User 17
18,user18,pass18,User 18
19,user19,pass19,User 19
20,user20,pass20,User 20
21,user21,pass21,User 21
22,user22,pass22,User 22
23,user23,pass23,User 23
24,user24,pass24,User 24
25,user25,pass25,User 25
26,user26,pass26,User 26
27,user27,pass27,User 27
28,user28,pass28,User 28
29,user29,pass29,User 29
30,user30,pass30,User 30
31,user31,pass31,User 31
32,user32,pass32,User 32
33,user33,pass33,User 33
34,user34,pass34,User 34
35,user35,pass35,User 35
36,user36,pass36,User 36
37,user37,pass37,User 37
38,user38,pass38,User 38
39,user39,pass39,User 39
40,user40,pass40,User 40
41,user41,pass41,User 41
42,user42,pass42,User 42
43,user43,pass43,User 43
44,user44,pass44,User 44
45,user45,pass45,User 45
46,user46,pass46,User 46
47,user47,pass47,User 47
48,user48,pass48,User 48
49,user49,pass49,User 49
50,user50,pass50,User 50
51,user51,pass51,User 51
52,user52,pass52,User 52
53,user53,pass53,User 53
54,user54,pass54,User 54
55,user55,pass55,User 55
56,user56,pass56,User 56
57,user57,pass57,User 57
58,user58,pass58,User 58
59,user59,pass59,User 59
60,user60,pass60,User 60
61,user61,pass61,User 61
62,user62,pass62,User 62
63,user63,pass63,User 63
64,user64,pass64,User 64
65,user65,pass65,User 65
66,user66,pass66,User 66
67,user67,pass67,User 67
68,user68,pass68,User 68
69,user69,pass69,User 69
70,user70,pass70,User 70
71,user71,pass71,User 71
72,user72,pass72,User 72
73,user73,pass73,User 73
74,user74,pass74,User 74
75,user75,pass75,User 75
76,user76,pass76,User 76
77,user77,pass77,User 77
78,user78,pass78,User 78
79,user79,pass79,User 79
80,user80,pass80,User 80
81,user81,pass81,User 81
82,user82,pass82,User 82
83,user83,pass83,User 83
84,user84,pass84,User 84
85,user85,pass85,User 85
86,user86,pass86,User 86
87,user87,pass87,User 87
88,user88,pass88,User 88
89,user89,pass89,User 89
90,user90,pass90,User 90
91,user91,pass91,User 91
92,user92,pass92,User 92
93,user93,pass93,User 93
94,user94,pass94,User 94
95,user95,pass95,User 95
96,user96,pass96,User 96
97,user97,pass97,User 97
98,user98,pass98,User 98
99,user99,pass99,User 99
100,user100,pass100,User 100
101,user101,pass101,User 101
102,user102,pass102,User 102
103,user103,pass103,User 103
104,user104,pass104,User 104
105,user105,pass105,User 105
106,user106,pass106,User 106
107,user107,pass107,User 107
108,user108,pass108,User 108
109,user109,pass109,User 109
110,user110,pass110,User 110
111,user111,pass111,User 111
112,user112,pass112,User 112
113,user113,pass113,User 113
114,user114,pass114,User 114
115,user115,pass115,User 115
116,user116,pass116,User 116
117,user117,pass117,User 117
118,user118,pass118,User 118
119,user119,pass119,User 119
120,user120,pass120,User 120
121,user121,pass121,User 121
122,user122,pass122,User 122
123,user123,pass123,User 123
124,user124,pass124,User 124
125,user125,pass125,User 125
126,user126,pass126,User 126
127,user127,pass127,User 127
128,user128,pass128,User 128
129,user129,pass129,User 129
130,user130,pass130,User 130
131,user131,pass131,User 131
132,user132,pass132,User 132
133,user133,pass133,User 133
134,user134,pass134,User 134
135,user135,pass135,User 135
136,user136,pass136,User 136
137,user137,pass137,User 137
138,user138,pass138,User 138
139,user139,pass139,User 139
140,user140,pass140,User 140
141,user141,pass141,User 141
142,user142,pass142,User 142
143,user143,pass143,User 143
144,user144,pass144,User 144
145,user145,pass145,User 145
146,user146,pass146,User 146
147,user147,pass147,User 147
148,user148,pass148,User 148
149,user149,pass149,User 149
150,user150,pass150,User 150
151,user151,pass151,User 151
152,user152,pass152,User 152
153,user153,pass153,User 153
154,user154,pass154,User 154
155,user155,pass155,User 155
156,user156,pass156,User 156
157,user157,pass157,User 157
158,user158,pass158,User 158
159,user159,pass159,User 159
160,user160,pass160,User 160
161,user161,pass161,User 161
162,user162,pass162,User 162
163,user163,pass163,User 163
164,user164,pass164,User 164
165,user165,pass165,User 165
166,user166,pass166,User 166
167,user167,pass167,User 167
168,user168,pass168,User 168
169,user169,pass169,User 169
170,user170,pass170,User 170
171,user171,pass171,User 171
172,user172,pass172,User 172
173,user173,pass173,User 173
174,user174,pass174,User 174
175,user175,pass175,User 175
176,user176,pass176,User 176
177,user177,pass177,User 177
178,user178,pass178,User 178
179,user179,pass179,User 179
180,user180,pass180,User 180
181,user181,pass181,User 181
182,user182,pass182,User 182
183,user183,pass183,User 183
184,user184,pass184,User 184
185,user185,pass185,User 185
186,user186,pass186,User 186
187,user187,pass187,User 187
188,user188,pass188,User 188
189,user189,pass189,User 189
190,user190,pass190,User 190
191,user191,pass191,User 191
192,user192,pass192,User 192
193,user193,pass193,User 193
194,user194,pass194,User 194
195,user195,pass195,User 195
196,user196,pass196,User 196
197,user197,pass197,User 197
198,user198,pass198,User 198
199,user199,pass199,User 199
200,user200,pass200,User 200
